experiment_id,timestamp_x,run_time,config_id,experiment_tags,simulation_type,num_of_agents,num_iterations,mio,mio_sigma,num_of_repetitions,switch_agent_rate,switch_agent_sigma,radical_exposure_eta,truncate_at,epsilon,mark_stubborn_at,display_name,status,timestamp_y,audit_every_x_iterations
82474ea4-19a0-419e-923f-9f9656aa23ea,1682444234,63,845360c4-41fd-4151-afca-8d54ffd6946a,[],REPULSIVE,100,10000,0.2,NULL,40,NULL,NULL,0.689655,0.0001,0.2,0.1,Epsilon = 0.1,RunStatus.SUCCESS,1682444225574,250.0
6c31bbee-ad06-4f04-ab1c-d4d70c70ad30,1682444234,63,8de01c61-4f40-48d3-877a-e3ca91a9f10d,[],REPULSIVE,100,10000,0.2,NULL,40,NULL,NULL,0.517241,0.0001,0.2,0.1,Epsilon = 0.1,RunStatus.SUCCESS,1682444225574,250.0
36f693cb-0206-4998-8100-d06e90f1f974,1682444234,63,6afe9644-739f-42cd-a73a-547dc7eb870e,[],REPULSIVE,100,10000,0.2,NULL,40,NULL,NULL,0.862069,0.0001,0.2,0.1,Epsilon = 0.1,RunStatus.SUCCESS,1682444225574,250.0
2639b67b-daf0-4df8-a0d1-6e5758df8485,1682444234,64,3a19c5a7-ef19-46f6-8c06-2683c1cf934d,[],REPULSIVE,100,10000,0.2,NULL,40,NULL,NULL,0.344828,0.0001,0.2,0.1,Epsilon = 0.1,RunStatus.SUCCESS,1682444225574,250.0
063fd141-10c1-42fe-bd15-4b25d7bea393,1682444234,64,e6a57105-1f0c-4715-b431-b3a1ea2ab3d3,[],REPULSIVE,100,10000,0.2,NULL,40,NULL,NULL,0.0,0.0001,0.2,0.1,Epsilon = 0.1,RunStatus.SUCCESS,1682444225574,250.0
38e86ee0-dc70-49a5-a302-7271bf6ab0e3,1682444235,64,0f1f0e8a-4282-4857-b397-3e2a5f5c7623,[],REPULSIVE,100,10000,0.2,NULL,40,NULL,NULL,1.896552,0.0001,0.2,0.1,Epsilon = 0.1,RunStatus.SUCCESS,1682444225574,250.0
0c1a6e35-0f29-46ae-a8b3-d9350d1990dc,1682444234,64,90127e91-efba-478e-a088-8f7b4742d670,[],REPULSIVE,100,10000,0.2,NULL,40,NULL,NULL,1.551724,0.0001,0.2,0.1,Epsilon = 0.1,RunStatus.SUCCESS,1682444225574,250.0
4a39d563-277a-4dfa-b3fc-497283884c71,1682444234,64,e605626b-682d-485a-a683-a6ffcea6a57a,[],REPULSIVE,100,10000,0.2,NULL,40,NULL,NULL,1.206897,0.0001,0.2,0.1,Epsilon = 0.1,RunStatus.SUCCESS,1682444225574,250.0
591a7ff5-a473-42af-b94f-8b0b485d5538,1682444234,64,8b3de747-5166-4d0f-9083-4b7c46fd1505,[],REPULSIVE,100,10000,0.2,NULL,40,NULL,NULL,0.172414,0.0001,0.2,0.1,Epsilon = 0.1,RunStatus.SUCCESS,1682444225574,250.0
009d1fdb-179d-42cf-af92-c4684ed6630d,1682444234,64,06dd4978-9bb6-4e67-a202-ab7daeed4e08,[],REPULSIVE,100,10000,0.2,NULL,40,NULL,NULL,1.37931,0.0001,0.2,0.1,Epsilon = 0.1,RunStatus.SUCCESS,1682444225574,250.0
35294be9-c720-4ea0-a33b-e6923ccd9b6c,1682444234,64,e7d75ace-0d27-4b7f-a83b-050cc75748a6,[],REPULSIVE,100,10000,0.2,NULL,40,NULL,NULL,1.034483,0.0001,0.2,0.1,Epsilon = 0.1,RunStatus.SUCCESS,1682444225574,250.0
b74ece7f-ffda-44ba-b4bd-ad2530a4cf72,1682444235,64,0a3edaca-7222-4d07-bd2a-df13dfa001c3,[],REPULSIVE,100,10000,0.2,NULL,40,NULL,NULL,1.724138,0.0001,0.2,0.1,Epsilon = 0.1,RunStatus.SUCCESS,1682444225574,250.0
674c629b-687a-4719-b662-9ff1c4b19fe1,1682444301,60,eec28e80-8192-4b57-9337-bf48a4a10b17,[],REPULSIVE,100,10000,0.2,NULL,40,NULL,NULL,2.068966,0.0001,0.2,0.1,Epsilon = 0.1,RunStatus.SUCCESS,1682444225574,250.0
7c111dfe-407c-4e48-9071-99069331ac32,1682444301,60,80e7eabc-a80b-4ddc-9cb8-d5016d6f3b0c,[],REPULSIVE,100,10000,0.2,NULL,40,NULL,NULL,2.413793,0.0001,0.2,0.1,Epsilon = 0.1,RunStatus.SUCCESS,1682444225574,250.0
26eda56d-655c-48b0-a2ca-947c44b76533,1682444301,60,a328e82d-c1e3-41f6-89a7-a6441fe57fd0,[],REPULSIVE,100,10000,0.2,NULL,40,NULL,NULL,2.241379,0.0001,0.2,0.1,Epsilon = 0.1,RunStatus.SUCCESS,1682444225574,250.0
8b530e6d-96c1-4850-83c8-679569b82dcc,1682444301,60,66ceb41c-e615-4b78-9c45-3fa943142cbf,[],REPULSIVE,100,10000,0.2,NULL,40,NULL,NULL,2.586207,0.0001,0.2,0.1,Epsilon = 0.1,RunStatus.SUCCESS,1682444225574,250.0
5047fe99-3749-4624-885a-3677007aa5e9,1682444301,60,73e996dc-c69b-4936-9d26-dd3ff19298ea,[],REPULSIVE,100,10000,0.2,NULL,40,NULL,NULL,2.931034,0.0001,0.2,0.1,Epsilon = 0.1,RunStatus.SUCCESS,1682444225574,250.0
81fa84a7-f7ac-44e9-8eeb-f6ca02acece7,1682444301,60,14ca9b0b-577c-486f-888b-7ec1e88c296b,[],REPULSIVE,100,10000,0.2,NULL,40,NULL,NULL,3.103448,0.0001,0.2,0.1,Epsilon = 0.1,RunStatus.SUCCESS,1682444225574,250.0
a8676a7a-d4b4-4010-8039-2c96c24f402e,1682444301,60,44cada03-83d4-48cd-890f-e47c78c21e20,[],REPULSIVE,100,10000,0.2,NULL,40,NULL,NULL,2.758621,0.0001,0.2,0.1,Epsilon = 0.1,RunStatus.SUCCESS,1682444225574,250.0
16daa443-8175-464a-9aae-3b73bcfc3c07,1682444301,60,68a03dd0-e1e5-4245-8cee-c3a5e0179c01,[],REPULSIVE,100,10000,0.2,NULL,40,NULL,NULL,3.275862,0.0001,0.2,0.1,Epsilon = 0.1,RunStatus.SUCCESS,1682444225574,250.0
4c931090-7dfa-4886-adb2-da0c09547b84,1682444301,60,e5c50620-4c67-4fc1-83f0-96d9632159ff,[],REPULSIVE,100,10000,0.2,NULL,40,NULL,NULL,3.448276,0.0001,0.2,0.1,Epsilon = 0.1,RunStatus.SUCCESS,1682444225574,250.0
a2ac1fb7-49ca-4108-aaca-38c05eb035b9,1682444302,60,14eb3a75-12c7-4c65-97d5-ad830925e5d4,[],REPULSIVE,100,10000,0.2,NULL,40,NULL,NULL,3.62069,0.0001,0.2,0.1,Epsilon = 0.1,RunStatus.SUCCESS,1682444225574,250.0
025824f3-50d6-42f4-ada3-27efec6a59dc,1682444302,60,2206aa05-aa46-4170-98d9-da9478423499,[],REPULSIVE,100,10000,0.2,NULL,40,NULL,NULL,3.793103,0.0001,0.2,0.1,Epsilon = 0.1,RunStatus.SUCCESS,1682444225574,250.0
3cfef62d-4bbc-4d7f-9899-473bc6b169bd,1682444302,60,c417a6b1-f9ce-49c6-b7db-73196cb7c3f2,[],REPULSIVE,100,10000,0.2,NULL,40,NULL,NULL,3.965517,0.0001,0.2,0.1,Epsilon = 0.1,RunStatus.SUCCESS,1682444225574,250.0
ffc9b6ac-46e8-41e7-b492-52eaaa476eda,1682444364,45,aaa27482-1465-4a65-9d40-1781510de4eb,[],SIMILARITY,100,10000,0.2,NULL,40,NULL,NULL,0.0,0.0001,0.2,0.1,Epsilon = 0.1,RunStatus.SUCCESS,1682444225574,250.0
0c7e87cc-858c-4d9b-b8d5-e202d36641ef,1682444365,46,048c439c-249b-46a2-a4ed-8e4bdc2b46aa,[],SIMILARITY,100,10000,0.2,NULL,40,NULL,NULL,0.689655,0.0001,0.2,0.1,Epsilon = 0.1,RunStatus.SUCCESS,1682444225574,250.0
4274e724-4747-44bb-a56c-7b5db271ef99,1682444365,46,881ae51b-23c5-4e5c-9d2d-e9b039c2cac0,[],SIMILARITY,100,10000,0.2,NULL,40,NULL,NULL,0.517241,0.0001,0.2,0.1,Epsilon = 0.1,RunStatus.SUCCESS,1682444225574,250.0
b32d3dca-5115-472f-9088-c4d6f6154062,1682444365,46,846e1454-b30c-409f-b8c4-a2e9666aa7c8,[],SIMILARITY,100,10000,0.2,NULL,40,NULL,NULL,0.344828,0.0001,0.2,0.1,Epsilon = 0.1,RunStatus.SUCCESS,1682444225574,250.0
033ca1ea-51ae-4bda-9529-75627a8b00df,1682444365,46,d214772d-b9eb-428e-9b30-0f19c79e17a1,[],SIMILARITY,100,10000,0.2,NULL,40,NULL,NULL,1.034483,0.0001,0.2,0.1,Epsilon = 0.1,RunStatus.SUCCESS,1682444225574,250.0
4e5b0f75-3c49-49ae-b87b-00bfdce8671c,1682444365,47,0049544d-52d8-4388-a0bb-f132594dde50,[],SIMILARITY,100,10000,0.2,NULL,40,NULL,NULL,0.172414,0.0001,0.2,0.1,Epsilon = 0.1,RunStatus.SUCCESS,1682444225574,250.0
0e8d3783-c23b-44bb-b324-4e48bb0a7c96,1682444365,47,c021c471-fa99-4876-bd59-d055947bd1a4,[],SIMILARITY,100,10000,0.2,NULL,40,NULL,NULL,0.862069,0.0001,0.2,0.1,Epsilon = 0.1,RunStatus.SUCCESS,1682444225574,250.0
0734aae3-fb55-4006-b882-b434054b7906,1682444363,58,35e12a30-0b3b-48dc-bfbc-75bd469d68e5,[],REPULSIVE,100,10000,0.2,NULL,40,NULL,NULL,4.137931,0.0001,0.2,0.1,Epsilon = 0.1,RunStatus.SUCCESS,1682444225574,250.0
9efc1053-aa15-4ed9-bd6b-331da79d7401,1682444364,57,cb6dced4-10fb-4e27-b307-4c9299040a41,[],REPULSIVE,100,10000,0.2,NULL,40,NULL,NULL,4.827586,0.0001,0.2,0.1,Epsilon = 0.1,RunStatus.SUCCESS,1682444225574,250.0
0a5bd367-2c11-451f-bce5-c1d584448485,1682444363,58,bf9b5cad-9258-4a71-91b1-d4b2de919c6f,[],REPULSIVE,100,10000,0.2,NULL,40,NULL,NULL,4.310345,0.0001,0.2,0.1,Epsilon = 0.1,RunStatus.SUCCESS,1682444225574,250.0
9b9c8a77-62f6-4843-9bf2-a44a5682fe76,1682444363,58,c1324b9f-dd09-48a4-959e-8fb5cadc9f2d,[],REPULSIVE,100,10000,0.2,NULL,40,NULL,NULL,4.482759,0.0001,0.2,0.1,Epsilon = 0.1,RunStatus.SUCCESS,1682444225574,250.0
d67d4075-9394-4dc3-bc18-804f7896faea,1682444364,58,12a50b7e-b174-428b-ac39-977d07118a8b,[],REPULSIVE,100,10000,0.2,NULL,40,NULL,NULL,4.655172,0.0001,0.2,0.1,Epsilon = 0.1,RunStatus.SUCCESS,1682444225574,250.0
792bb7fa-5440-4ea8-aa36-c6aab5cad046,1682444413,50,f0626f8b-fa7d-421d-bda9-ad043d219cc1,[],SIMILARITY,100,10000,0.2,NULL,40,NULL,NULL,1.206897,0.0001,0.2,0.1,Epsilon = 0.1,RunStatus.SUCCESS,1682444225574,250.0
8c006ed9-101d-43d8-a1bc-b79422758688,1682444414,51,1a55523f-70b5-4678-ba93-b03cecc177b9,[],SIMILARITY,100,10000,0.2,NULL,40,NULL,NULL,1.37931,0.0001,0.2,0.1,Epsilon = 0.1,RunStatus.SUCCESS,1682444225574,250.0
2de22270-faf9-4f27-85b5-87e7265cd0b6,1682444415,51,45a15b49-dfef-44b1-86b0-62b59451b7c8,[],SIMILARITY,100,10000,0.2,NULL,40,NULL,NULL,1.724138,0.0001,0.2,0.1,Epsilon = 0.1,RunStatus.SUCCESS,1682444225574,250.0
95efb4bd-d10b-47be-87c8-fa048b85467f,1682444415,51,5da5f3f9-7e1b-4647-aabe-4aabd62fffc3,[],SIMILARITY,100,10000,0.2,NULL,40,NULL,NULL,1.551724,0.0001,0.2,0.1,Epsilon = 0.1,RunStatus.SUCCESS,1682444225574,250.0
3bf3fe5e-3c82-4392-94b1-fcd9325a5e26,1682444415,51,071e689d-f65c-4cac-8ea5-e9ff82252fcc,[],SIMILARITY,100,10000,0.2,NULL,40,NULL,NULL,2.068966,0.0001,0.2,0.1,Epsilon = 0.1,RunStatus.SUCCESS,1682444225574,250.0
31e166fc-5476-4060-95d9-b5101f5544b0,1682444415,51,5a45519e-bf3b-412b-a4a7-97637b7b0660,[],SIMILARITY,100,10000,0.2,NULL,40,NULL,NULL,1.896552,0.0001,0.2,0.1,Epsilon = 0.1,RunStatus.SUCCESS,1682444225574,250.0
06f06316-b0c6-488d-b160-4d1d72986d5d,1682444416,51,b7251f9b-31cc-499d-9707-1eaff0dd4338,[],SIMILARITY,100,10000,0.2,NULL,40,NULL,NULL,2.241379,0.0001,0.2,0.1,Epsilon = 0.1,RunStatus.SUCCESS,1682444225574,250.0
b9a7ff53-d5f8-44b3-abb4-656424f997c2,1682444424,50,ef1c0932-abaa-4996-a439-c48f1e809a8d,[],SIMILARITY,100,10000,0.2,NULL,40,NULL,NULL,2.758621,0.0001,0.2,0.1,Epsilon = 0.1,RunStatus.SUCCESS,1682444225574,250.0
429eb9bf-809b-4544-9216-e6b07b887594,1682444425,50,035f22e2-eda7-4c69-aa73-2a969110cefe,[],SIMILARITY,100,10000,0.2,NULL,40,NULL,NULL,2.931034,0.0001,0.2,0.1,Epsilon = 0.1,RunStatus.SUCCESS,1682444225574,250.0
5a1af730-a1cc-4908-a2bc-061eecefe907,1682444424,50,8a0149f9-54b2-4f85-b27b-62c4cbae09bd,[],SIMILARITY,100,10000,0.2,NULL,40,NULL,NULL,2.586207,0.0001,0.2,0.1,Epsilon = 0.1,RunStatus.SUCCESS,1682444225574,250.0
182a8192-363a-48c5-92d3-f00ede1ec0b0,1682444424,51,ccef0cae-d290-4bc6-8584-aaf87d9df0e8,[],SIMILARITY,100,10000,0.2,NULL,40,NULL,NULL,2.413793,0.0001,0.2,0.1,Epsilon = 0.1,RunStatus.SUCCESS,1682444225574,250.0
1f4b5031-ae3b-44f2-a77f-789e863243b3,1682444425,50,c7cf7d73-3349-4cb9-b9c8-9a6c5f89d846,[],SIMILARITY,100,10000,0.2,NULL,40,NULL,NULL,3.103448,0.0001,0.2,0.1,Epsilon = 0.1,RunStatus.SUCCESS,1682444225574,250.0
667b5923-e142-4468-a947-18a2aa2a3547,1682444467,40,1474c839-6dcc-4387-9eeb-62c1e7f94ed1,[],SIMILARITY,100,10000,0.2,NULL,40,NULL,NULL,3.275862,0.0001,0.2,0.1,Epsilon = 0.1,RunStatus.SUCCESS,1682444225574,250.0
6b310254-2dad-4ec4-a069-daf60730daea,1682444469,40,6e2b5582-b331-40c2-855f-e09c27d026d3,[],SIMILARITY,100,10000,0.2,NULL,40,NULL,NULL,3.448276,0.0001,0.2,0.1,Epsilon = 0.1,RunStatus.SUCCESS,1682444225574,250.0
eb8474fd-a1e3-4770-bc00-9a4f3531dbbd,1682444470,39,a4dab875-ba85-4ca7-9214-10f711eab0e5,[],SIMILARITY,100,10000,0.2,NULL,40,NULL,NULL,3.793103,0.0001,0.2,0.1,Epsilon = 0.1,RunStatus.SUCCESS,1682444225574,250.0
1f259316-b698-49b8-a39f-b6e75e6a7cdc,1682444470,39,4776d505-152b-47e2-8189-2eaa93094733,[],SIMILARITY,100,10000,0.2,NULL,40,NULL,NULL,3.62069,0.0001,0.2,0.1,Epsilon = 0.1,RunStatus.SUCCESS,1682444225574,250.0
f7d4c2ed-908d-4621-8501-3c06a30fbde9,1682444470,39,bcf5e5af-f42a-4ccb-b119-89427013aefd,[],SIMILARITY,100,10000,0.2,NULL,40,NULL,NULL,3.965517,0.0001,0.2,0.1,Epsilon = 0.1,RunStatus.SUCCESS,1682444225574,250.0
9eb53764-e617-410b-be93-6b9f1437cbb8,1682444471,39,a20c3f21-834a-4c50-9443-3b44d7bdfc1a,[],SIMILARITY,100,10000,0.2,NULL,40,NULL,NULL,4.137931,0.0001,0.2,0.1,Epsilon = 0.1,RunStatus.SUCCESS,1682444225574,250.0
c106d65c-44b5-4235-8fc9-3accb4b7ba68,1682444471,39,d9a8f394-f54c-470c-85df-64bf260416a7,[],SIMILARITY,100,10000,0.2,NULL,40,NULL,NULL,4.310345,0.0001,0.2,0.1,Epsilon = 0.1,RunStatus.SUCCESS,1682444225574,250.0
ce29f1a4-3100-441d-ab64-3f982ac8c46f,1682444478,35,2d23d51b-8783-49ae-baea-22e195d67c1d,[],SIMILARITY,100,10000,0.2,NULL,40,NULL,NULL,4.482759,0.0001,0.2,0.1,Epsilon = 0.1,RunStatus.SUCCESS,1682444225574,250.0
83321eee-728c-4464-a7bb-ccc8e8cf0b31,1682444479,35,48b035f8-2ffd-4405-9cd2-7856120eb1cd,[],SIMILARITY,100,10000,0.2,NULL,40,NULL,NULL,4.827586,0.0001,0.2,0.1,Epsilon = 0.1,RunStatus.SUCCESS,1682444225574,250.0
50f7b65c-61e8-468e-8ce8-c3f0799c6580,1682444479,35,fbb7ff3e-3e9d-41ad-a9d8-34aca6029833,[],SIMILARITY,100,10000,0.2,NULL,40,NULL,NULL,4.655172,0.0001,0.2,0.1,Epsilon = 0.1,RunStatus.SUCCESS,1682444225574,250.0
